area_id,population_density,avg_income,distance_to_center,public_transport_usage,car_ownership,employment_rate,student_population,elderly_population,travel_demand,cluster
0,5993.428306022465,55366.81040522425,2.679174681636745,40.064039931128036,41.01202222336114,74.17848821607431,33.13612128109095,12.117447996366403,2008.3657988371492,3
1,4723.47139765763,58411.76789552352,1.596944460750306,28.82184550816299,95.0,86.17295831588127,28.078536714741073,5.0,1641.178796069325,0
2,6295.377076201385,66245.76864762916,0.29013481922418105,27.6859066389126,69.86635801761778,78.42725346377703,14.49479723857821,12.268777758737587,2091.0682052186544,2
3,8046.059712816051,65807.03078052355,10.00213070001655,28.511627182705688,63.69672247389748,79.56753219153784,38.01948644275447,16.959020027012734,2642.3012424176345,3
4,4531.693250553328,29334.959480643633,8.380587196249614,40.91678213567445,42.832844396375734,80.69767280232205,27.854123895932755,7.605442156129357,1586.7379228914917,8
5,4531.726086101638,35932.62440127316,40.862227989090414,28.685232787696055,74.00619758817983,79.47708560017315,17.40134893193102,15.916799598895778,1560.9629439369837,5
6,8158.425631014783,57725.529008129895,28.474367003721667,39.34662285344619,48.487243475244526,81.42722759867544,5.0,14.923450754135022,2635.5766124632637,5
7,6534.869458305818,57706.78926368313,4.05325796320697,66.13101197968157,62.44019629290723,88.29152530132431,38.32754058072594,17.896457498005443,2208.538831171611,3
8,4061.0512281300958,57725.715294590715,7.326415451031304,48.06687055147539,95.0,76.9652116970147,8.883420265891232,15.597901842070765,1380.04600183965,1
9,6085.120087171929,100000.0,14.480858414372179,30.109647017482384,58.078802005507,82.09003757588512,6.8368100243448655,10.134655295592221,2020.9733566581874,2
10,4073.1646143750754,58563.35766039751,9.473860073546229,53.01820883245917,82.98546652571352,74.10264305712774,28.180563456077124,20.982857508322457,1444.973383591805,1
11,4068.540492859486,67033.48460270898,1.4207622229057326,28.878869404676728,45.93647149748225,89.40117215449473,39.51801925071418,14.20735213486515,1472.8770680335624,3
12,5483.924543132068,64310.02645239804,2.9941341369993224,5.0,59.300230190060766,68.2360769794073,31.074182548084146,14.86347730245034,1846.76687065575,0
13,1173.439510684404,59770.868769586974,0.6914817215654433,19.878705336238937,95.0,93.00940432910815,24.51127296041888,10.33366020463402,592.3773557267676,8
14,1550.1643349739343,45270.96133039481,15.401118932208544,6.938121184612164,47.46065884424465,74.59842049355656,24.758034733322287,12.783588744042449,651.0980415032623,8
15,3875.4249415180548,61384.53830739901,4.659238512943091,29.72729773938037,95.0,60.69224897881952,26.827324470242463,10.575986429865495,1331.6536240607948,1
16,2974.3377593311525,38407.621781936425,1.2980186270924186,35.276275687843274,74.1550387091095,76.2810441491079,26.071428718294122,14.135269700382885,1108.8755296116803,8
17,5628.4946651905475,46447.72089889987,5.569147695866251,60.146559684129244,48.750664482114644,68.1894834252512,22.249531391755006,23.558542400711715,1874.0290201444607,3
18,3183.9518489575785,42719.54678256345,4.813352173715359,39.90391060646244,72.64815478111042,83.40643548988724,20.83360883161501,8.140494285343218,1165.9530113785486,8
19,2175.392597329417,51228.112090794835,2.2171023114855304,31.713492067867037,79.4510889925346,68.4737602069761,19.499254976803822,6.932193010616295,813.5669956444885,8
20,7931.297537843107,84719.87850010264,0.6026956069923464,47.441083717752335,72.43619924434392,70.5381656678522,13.96828328906659,22.355851637468042,2572.909339411533,2
21,4548.447399026929,21991.02211112378,5.567206417595511,5.0,28.595505602190872,56.10459269054469,17.75459938506581,13.95338161424067,1519.7629472808808,7
22,5135.056409375848,60293.9028556177,3.6730521209301887,38.53421837162849,45.45725648350263,70.47693680750923,6.456345486436916,11.654636306700418,1688.9895600664136,6
23,2150.5036275730863,25809.261932155227,7.399035404802575,46.562977908304504,55.0496272889699,50.76120673371044,19.213282985642,20.19952343698038,811.380247886758,7
24,3911.2345509496345,42921.0220131585,3.6715493021175756,12.821206313302376,58.511331417999074,59.16097176514277,12.09127114279266,11.97192230131568,1316.8496065229635,6
25,5221.845179419732,66334.25895451049,9.55885055654242,52.15631064810394,72.41344195101357,82.60414656144297,11.171285462273833,24.130048567734683,1769.3723090533538,2
26,2698.012845155394,50964.200286431944,4.013770595107438,40.07744611241621,63.55402001866508,82.85800158650832,21.43915320922783,18.389629356696346,1031.3518337338219,8
27,5751.396036691344,33833.82833106041,4.115572904900736,28.770681291487982,33.29311282579798,79.25457561784965,31.136018290756795,12.560442959271487,1957.190894724651,3
28,3798.72262016239,39270.444361100475,10.463793216148858,44.491727991594274,67.60395702011927,65.33023856870787,27.346532848018505,25.786541066327516,1332.0826935479693,7
29,4416.6125004134465,60193.96623402014,2.5832365699405853,69.06039286706593,72.21171490567646,74.5228864385802,7.435995171014584,11.971425384983307,1500.1660247181758,1
30,3796.5867755412064,39044.50052424295,0.7194397769514947,37.72799382587743,71.1958089586208,74.96397460909432,12.0829749074373,18.710476860046533,1333.769181477068,4
31,8704.556369017875,53246.878843729624,0.14602510716047343,38.723308794505044,81.61561451109243,63.416353108074574,27.526169503905727,16.49646290203246,2806.21568273244,0
32,4973.005550524133,50683.5775985572,7.035287263312928,28.10958650689634,76.67844309097808,90.0339830176715,12.140100851693523,21.50870644699399,1717.754645759288,4
33,2884.5781420881995,40225.99478591274,4.841994835303398,22.252334458028123,69.18360158456873,83.77362290575671,18.202934800023804,22.807555983634263,1083.9238794275368,4
34,6645.089824206378,82159.16133987988,6.088326738989382,47.455037248163684,58.59668577082706,72.79035826170336,24.400416792196417,15.160020745328833,2185.624411661522,2
35,2558.3127000579557,59508.78533477017,1.1974074674672173,22.15874261136699,26.780781329680174,75.26885838994531,12.253244361090918,11.232910648269083,950.7523249473003,6
36,5417.727190009511,20000.0,0.7330627561413933,36.073493558290885,68.59236438265171,77.08382807947552,20.84300404916768,17.299860714695583,1820.7887619733344,4
37,1080.659752240449,52796.814721541414,0.07325738132834392,27.835138298523248,64.15375374326223,54.58265131575709,9.327796040654365,11.61142315123947,432.07512531117175,6
38,2343.627902203139,40073.20302847418,2.158436307575346,42.18469738619588,65.43157674390747,72.52822617479403,15.18905884839029,25.066936237633115,905.3743328098517,7
39,5393.722471738247,62786.50002194336,4.456986878324723,40.00493157930423,34.46502848359381,68.18015752002202,22.558255473140296,15.682676655413687,1816.173000168587,3
40,6476.933159990821,38112.188923509486,2.4899093378057535,50.563099163868486,38.37886919183475,64.98379990105084,7.256050131746646,13.173392243439457,2076.1103693336768,6
41,5342.7365623799415,48278.95337799651,2.876597814142156,27.349754017178796,81.06305706665808,72.18899707114045,23.523797903683192,15.923401529324542,1791.4954344998782,1
42,4768.703435223519,57574.80918470686,11.725307614907209,30.95187597059943,59.2088969228669,92.97686526849523,19.84289760858655,8.264368552351517,1662.4378923897998,8
43,4397.792608821423,62986.327912551824,2.1405130721255587,20.318544263265387,73.63001394745248,81.4084286126701,24.41991963533718,10.141929807446743,1551.5297897908256,0
44,2042.9560192651452,31995.553894163357,3.6076251403616055,28.335601098858326,60.56636752260923,69.28821010217203,21.79131307251729,21.00206953972213,809.5606161170842,7
45,3560.3115832105827,44982.481462385775,7.654358688598508,40.65950739567278,60.5951227899149,80.72582781356158,30.913123439790752,11.715528605143021,1282.6934206638643,8
46,4078.722458080425,42875.82033258566,2.525400656495899,46.35482924968028,78.76567611951995,88.99355436586002,21.001796021183257,9.7654450865903,1442.9961098804822,8
47,7114.244452437832,40200.06151139432,4.865452376765427,21.167520137335618,49.679105435652524,84.24633682912769,16.564755670997975,17.68326376263643,2362.581823602747,4
48,5687.236579136923,76481.81360421646,9.915703218421534,48.044088801584905,61.92241553881967,75.59630369920174,20.97838002425827,20.928520773314986,1907.4857343126002,2
49,1473.9196892745322,56074.725664414334,14.93095207687334,55.33456788207427,50.75449422589915,68.53063222294426,24.346384232291104,18.594766553325336,630.0785473741727,1
50,5648.16793878959,31086.740684974324,0.7954093965741799,41.20152354835551,51.31007545135369,81.9822331361359,20.390880562605634,19.980238429029082,1908.1500196460718,4
51,4229.835439167367,63767.92920582164,13.058313815210393,63.151937188370994,53.816557530627215,78.9348538542175,20.324733529631057,11.216024557152696,1461.2333831390881,8
52,3646.155999388083,81832.3429551895,3.387513904977653,23.393162013446407,64.44267543267426,83.95193220027733,14.384066497545957,7.890946666290781,1294.0226031227953,2
53,6223.352577681736,65486.97890826721,1.4936772717569788,16.330179450328746,50.42502756673045,81.35171801681969,14.696792659592415,22.506668259777435,2095.009184823977,2
54,7061.999044991902,27209.4505106898,3.0729348368534875,8.31919626643582,85.11512251147042,85.49552715319335,8.779157825602452,13.386600805789321,2322.0542182404683,4
55,6862.560238232397,42736.48890700623,19.56826548790296,57.440664672337746,42.107853955609926,69.64764788439432,33.99661394549551,13.745834917724764,2263.0297550367577,3
56,3321.5649535547227,69003.66723779934,3.392456463336799,44.81548484531086,56.26256711677282,88.17394065634326,10.04909411686972,21.640970709245288,1210.9420607163468,2
57,4381.575248297571,39384.958015718286,1.9930801605024988,34.16622993634317,51.2053788345165,76.975996046924,14.456758417632741,17.7811500470033,1495.8151761790061,4
58,5662.526862807128,56657.291422193426,5.017431369788298,39.1995293947973,88.93955768707465,95.0,14.252741875446421,17.27943886040804,1939.7035960592693,4
59,6951.090254244718,61619.510801440054,1.3731423385780148,18.117664290524353,63.931095530231495,68.10812181910433,27.159395015555532,25.82501172450542,2292.4940545342365,3
60,4041.65152430942,36096.04292632875,0.3944765248811752,71.68627969425239,80.6368907893727,92.3596380316525,17.640402573663778,11.782408848099285,1436.0094286984395,4
61,4628.682046672366,49107.119659072996,0.6898760985620793,36.93831772962841,30.288792539260562,76.97910783462648,29.98193658138987,19.639200640406187,1643.0338509899836,3
62,2787.3300519879435,20000.0,0.6850921203350356,36.64092191907339,65.34100531738518,68.48581996385552,14.612075006049052,15.285065624485423,1016.418375866207,7
63,2607.5867518386585,34634.185379985654,0.8237995077833649,45.88649935848038,77.79261591246873,70.16114165945679,22.231953297790415,16.342961394316283,968.0398819894244,7
64,6625.0516447883965,46211.4777291026,0.7473003303375827,42.2151384760507,61.645679785508484,71.7965269180568,13.317223573921941,22.64234213206266,2173.991617229936,4
65,7712.480057141645,31283.252270527257,5.120420255379033,38.35826036418697,81.30960750130703,79.24165946401916,37.161193022187106,17.53917878144812,2560.500597233518,0
66,4855.979756839332,74486.16955897454,1.0037317851724081,23.14288316832032,49.654230997992556,80.228354880355,10.499212647763898,17.691480395248163,1655.3619363638309,2
67,7007.0657957840485,28547.87933059051,2.120696578974026,42.072025357039934,88.1869488037116,69.26299996061421,22.47856568181622,20.36253668654901,2284.415851419852,4
68,5723.272050095268,43399.332699545244,11.354870625641789,63.2303674471255,95.0,74.75645407739017,25.070215047456788,13.175236352285573,1929.1024187230407,1
69,3709.760490789751,51961.10865929137,3.211905708232968,55.18130069232467,52.74322879120682,95.0,23.310392779611988,10.803951663304968,1344.1770375469196,8
70,5722.791211016828,71619.09933599173,5.506445418261903,58.89779939959095,51.08994957198456,92.27543170100711,18.517698728978335,9.775954029894832,1959.6288973985793,2
71,8076.073132931939,28462.06773230841,0.9456425855660824,27.33176485353222,89.06768954235402,79.36323669674032,18.96143440213259,5.1682170531199905,2626.992905997152,0
72,4928.347921780097,67447.45628232439,1.0677549049754753,20.15592769612129,91.59144291461425,75.380034781682,20.350491775832875,25.28103564970161,1685.6542075841967,1
73,8129.2873116280125,50153.4959152938,0.20863606358782652,33.11319619850528,49.54279945693463,76.20031326718261,18.82398398697209,9.483958171391585,2643.6137094262476,0
74,1000.0,35277.37023428074,0.9252367203279044,35.835873684330416,51.596263658082854,81.13517972730416,27.711032934359277,13.89373188207114,521.1879422199066,8
75,6643.805008750448,56931.55211394906,1.6327405931557277,51.41287277706422,54.364307822789854,64.77207434801595,37.68418401273081,13.615933500555396,2204.078784292151,3
76,5174.094136476342,52985.895433602054,0.9740590874155397,9.61303055427771,33.11098977931446,72.42623462576655,15.540065719937331,16.537033489045506,1745.0825771341413,6
77,4401.985299068265,40996.74684261808,0.46442953930183783,57.943254791909204,41.626961070316035,58.314159261224106,9.041576163367377,19.078686062696484,1465.2171292133055,7
78,5183.521553071005,51047.031274850284,0.6427810674667627,32.629881521315156,39.91718466495864,78.9922312260528,19.29374361318996,19.302367441798726,1758.7088864001757,3
79,1024.8621707982143,44220.2960470736,3.0881467168268957,28.596783950788698,44.64404869791743,81.4719593970274,40.0,12.084612807155308,555.203713577917,8
80,4560.656224324976,51702.76017876872,1.155461031725483,19.81843437109749,59.30630225226437,70.16813537700627,13.570603456242154,14.164391431067942,1542.5385596320848,6
81,5714.225143023493,59931.9601178157,2.2649055775545928,10.17714992201346,64.68429465073041,90.73986763290033,33.11293444355254,16.412899752441497,1961.075674908687,0
82,7955.788089483032,73790.25224218029,3.500025923571652,47.34755875942872,91.01000985628154,62.74234336997659,33.421606512611525,13.756544369082265,2569.3101508031855,1
83,3963.459563452705,31432.767517597265,5.862287170062711,36.09976950782606,40.03291918522418,60.3562511979018,15.571294066336044,23.036727880099964,1364.9873766431733,7
84,3383.012794213625,81995.500619844,0.20052865050007712,15.650586503884192,79.68644796953167,77.24451818559972,24.551864633482204,17.454874758191256,1247.7917704877711,2
85,3996.485912830927,20718.68300716247,8.032471219130597,15.573818419045757,55.72022311548982,85.47098302612154,33.0271729850283,18.674388930249087,1431.1624369528197,8
86,6830.804235404148,47723.22357446625,4.942968451836482,29.963229510648077,59.01072580695134,91.83927691457869,16.966978072100105,18.314406343337062,2280.589773737284,4
87,5657.502219319369,58824.75809726865,0.4264771518816713,60.035322879340896,73.49638984333208,70.4111573713106,18.371357119181106,20.867369287426627,1904.7930649162697,1
88,3940.4795924659225,54214.87801602549,10.340673492440454,31.106129729545927,37.54555956875403,85.78680833431295,15.34655268841085,15.905107793518535,1395.027038880784,8
89,6026.534866226712,40659.50720269109,12.68346773189464,12.452855703228408,67.64819492368102,74.61491530499293,11.881946154457065,8.515840260220767,1989.7559359844474,5
90,5194.155098696081,46878.16624464087,0.31511413780081704,31.313854038710836,63.32904416426112,73.2737270005918,14.805779639471943,16.998439758763208,1736.7768454982624,4
91,6937.289981065778,42604.985980117504,1.6208842156432541,30.909146453784942,69.84902528016298,83.83659937486672,10.208477865901948,11.743215531040855,2282.547839477645,4
92,3595.8938122452955,41159.52864583683,8.204675916133212,5.0,65.78337287815636,81.52322878413419,20.272667746073807,12.356916591251217,1285.1804601204237,8
93,4344.6757068044635,62744.03145531537,6.896786201071542,34.18557700223282,95.0,59.236078430157505,13.840214151530866,17.931820093775467,1474.0106741982797,1
94,4215.783693735685,55355.23228947571,1.0198981603090025,31.53598204686983,47.24520031497368,89.76540349725896,21.870287294325983,21.19141535716818,1514.3749050009617,4
95,2072.9701037357627,39606.35607109019,1.1744951559076662,45.44309547220128,49.380060899963645,88.80091354147451,7.552834830370982,15.106357883680309,854.845376329837,8
96,5592.240554129152,63493.99813149876,2.3139255501218488,62.73434142418018,47.53718947150471,68.7443729849047,22.647041857715656,16.544165062994818,1874.780804802858,3
97,5522.110544359779,54609.49281314914,3.3133128233430718,51.89847544321636,48.890457616794905,78.95803533437409,26.668231692871398,23.51107472317619,1886.0228343496221,3
98,5010.2269132849215,62192.931782584405,4.81500917029276,30.96666964167754,47.252257453869646,79.94030186282738,5.0,16.203765897442842,1691.8370398038358,2
99,4530.825733249706,59444.432628854185,2.301562815001756,18.402111368874944,83.78033062215104,77.60673765823907,22.992452558780577,28.008415570901974,1579.0283098865361,1
100,2169.2585158991715,37565.07483616892,3.104455546104588,73.60039704874791,88.4100849597971,69.4969484615458,29.82135193978634,17.82754822815772,859.2813759109287,1
101,4158.709354469282,41597.284397045456,6.8811447019492125,35.888276510217324,48.58507412501048,68.28376632061949,10.322871850470356,6.196186204220911,1404.1460561014035,6
102,4314.570966946461,61209.40407684893,0.18686476160739232,35.20893937869419,43.352888537915426,74.74445929008554,33.38057909470163,18.766708105522664,1518.1357367954852,3
103,3395.445461556762,59155.55398150197,1.454683109411986,34.638123693349954,69.42831112772808,86.72729019259364,23.352152074928362,16.90579192441389,1260.5793726299844,8
104,4677.428576667981,49686.47609053778,6.247459374780129,37.971271411517826,48.95553911438057,80.43600154594432,14.35990515393273,21.448763770413727,1601.313524694882,4
105,5808.101713629077,51759.91074963173,11.278833771653067,32.834593821140864,72.65863635511022,71.29385667913894,19.55384737873835,18.36590675634979,1947.7868722340183,1
106,8772.371802421061,69164.97343682637,3.583895561042004,26.395069896796457,64.058460417026,82.71698710648344,24.46661530017378,14.30772008008113,2864.1858526590418,0
107,5349.155625663678,41126.42916746255,3.7976475117653448,26.79711588139412,29.68511770005536,50.0,20.608043131299294,8.878508818553172,1745.1322777084051,6
108,5515.100781445529,58206.460717550566,0.5668066927033169,34.50870094676002,90.95010402660122,86.48765700372104,24.310047939570953,13.954883713569874,1859.497931816655,0
109,4851.108168467666,46967.110213491585,2.9657162304177542,26.848628432993525,95.0,57.60286221221901,12.63461125536507,10.7473977289535,1596.308749251585,1
110,1162.4575694019172,46734.78195159169,3.80303399527645,24.307313259842534,47.744226190312276,71.37559058596868,21.354886592288622,12.097382750976386,551.0075866477282,8
111,4946.972249101566,66481.65277980786,1.3884640163032667,36.596453415378456,52.24596880128032,63.803301053738565,8.690284024760158,17.94289202210305,1646.036492678622,6
112,5120.4604198820525,62381.245234820446,1.5683730593927192,31.17534173868717,65.7173078144981,62.053185242790946,19.1101915092104,23.34952252175703,1706.9361884171724,1
113,9926.484224970573,62202.644540009576,2.36832492401236,57.559894828740326,66.6891357997405,86.6082678737852,12.768738868281682,16.973357649114906,3185.6351915078203,2
114,4615.278070437755,69582.18210731493,0.10137680375157257,5.0,73.1708854534566,70.32298798688109,14.115760459281868,9.020584689824078,1565.633939686846,6
115,5603.094684667225,50315.05762449138,1.9436238062806788,51.37260277883693,95.0,78.46503881730716,29.8887454016835,17.223013341100703,1908.8265528286418,1
116,4930.576460589514,60229.294569424455,1.1877846781181494,53.69127788746444,56.46105545011901,74.53079421120816,28.73048096475415,20.983157433228257,1694.1207159745786,3
117,2662.643924760936,45345.99865109816,1.9837461511599133,5.0,44.03405510923093,79.77040827223121,24.873104967257415,11.951085478403089,1006.3167098795661,8
118,7285.645629030041,54862.49528732663,0.6378155164239063,29.859686088794767,32.41361543970946,75.76821891060256,11.261497882619368,14.329914166635412,2367.4006888636704,6
119,6503.866065373548,48047.85418448473,11.060399499715123,29.428387010063126,45.38139920116162,62.1700777581143,17.468732402441585,15.073440973645985,2110.5671010553456,6
120,6582.063894086094,51454.93947489077,4.501994069397799,13.887324579232683,59.337460542524056,84.9626681944714,29.704781599833467,11.0755084345888,2218.5460440307215,0
121,3181.225090410522,58927.3553815537,5.683164789465158,23.33274968613687,95.0,70.06243416838687,21.13373530911924,18.241402169219295,1144.859476334559,1
122,7805.588621872199,37726.689751497914,7.783545161888956,18.341362318012568,49.64777401927657,59.434181013402494,38.55463631985356,14.395259256961092,2547.8227993848527,3
123,2196.2978744154384,81385.8091352819,3.450182109244426,61.28405665135434,64.47575903277797,70.71884839034088,23.146542715154975,17.097662219535138,870.7772283607125,1
124,6173.714187600541,34909.73927750447,0.45466047258727926,49.035175897211914,59.67154207854496,90.00759790634311,21.536392931920254,10.5625391109895,2087.092197405396,4
125,9380.911251619957,31787.17080818402,3.851291816474113,54.07332642491238,83.76786546896167,83.50221742113493,17.52706828637999,12.812708498382948,3018.6274598287055,4
126,3018.927349738623,67371.66310250101,4.419615289356868,45.82508096064853,95.0,71.5134786559214,21.06832723825826,18.611906789138857,1106.6792421411499,1
127,3867.404540794456,61874.94040944404,6.841083244042046,18.06422343174156,49.382624541593586,71.50742295681572,18.78024130895565,13.135834239541165,1346.9276151389417,6
128,5199.302730175283,59361.79725578232,2.8251732469149102,27.132196005803394,50.21121114963556,71.78364948782617,25.664869413508725,23.634819256167027,1761.1801866485996,3
129,3993.0486917676017,59425.1826389642,0.6824233336465612,42.34061841841877,80.88321754138144,95.0,27.653618534356674,13.001819071926988,1448.2408110353438,8
130,1898.6731378677346,49816.29840729628,1.6688109013085195,16.668082866620818,73.63782979252623,78.81935452231554,13.712084315936405,16.12342362875943,755.3664873217692,8
131,5137.125949612055,36541.18442771253,2.255574127373117,45.69497645258582,95.0,79.3004164719107,9.350136371537776,19.662954159365448,1749.2361612605985,4
132,2875.39257254779,51137.068372905895,5.191123058109309,31.395119027627974,71.67856370651927,85.30283454031843,5.3103570151736275,7.908171335334842,1046.0326089971522,8
133,5947.184861270363,39842.574327318325,4.2289086060070975,29.377687886756036,52.81415818425881,77.38789159026514,24.06393061530035,6.19595594009612,1984.4738811714335,0
134,3161.1515315323936,64626.796001266266,2.2010337982590307,45.664399523052374,71.81309661384618,72.40957854179297,11.173067150609011,7.371718427149526,1121.6031580972583,6
135,8099.868810035079,47794.13927746792,21.53097886084906,41.6639496722906,82.17407161165815,73.03650150915021,5.0,21.31292051713591,2606.5201009123466,5
136,3433.493415327526,37617.54204811233,4.6541650423360466,29.5855075127138,76.40964362394729,74.28398740585936,23.108628836247714,12.240709270537767,1233.8347318037459,8
137,4355.876967588649,45179.2123752051,1.3539726437839996,52.38994705046372,70.14548062214595,74.62777763490159,39.94399613946233,27.79099642834126,1544.5347989033755,3
138,6627.034434739339,56193.97181413436,0.5367150231244343,18.78405008600154,81.33349379178307,82.2762954363698,19.951432707680855,12.178762006713058,2205.917557738691,0
139,2538.2713671320894,41544.13170794038,0.8294414629491293,44.239034104163956,83.38591180891345,75.519458858073,26.707926195613133,15.922756515985185,958.2297281659071,1
140,5454.919869208259,37666.69406650353,1.4115342469757048,43.89651886952576,87.64317982075055,82.3264007721558,20.65463486838052,22.710549762839378,1860.6271701202313,4
141,7614.285508564856,53655.30817237868,0.8758243747714701,30.356803410290148,72.97419775179286,74.19283419891417,19.208882774470858,25.030464440795615,2510.9104924485287,4
142,1785.0335308775448,53674.49856663084,1.032458727272902,39.89199533363177,56.657638393662914,75.7863519031609,27.352611863902148,25.307517883181987,748.477389079201,3
143,5369.267717064608,42395.85236943305,1.6780292410772326,16.233296354220457,62.934273728666454,55.01799315467892,17.67780364649079,21.041831152965713,1765.805754576787,7
144,5519.765588496847,42934.425415725156,0.952012168314435,48.860405288103514,84.13017933016714,84.16327674702481,22.139138512575222,20.120312629057313,1886.7483914634245,4
145,6563.645743554621,53480.74906036454,11.353757246779576,32.22646795335516,43.66128658025528,78.46488475897992,22.573582449568107,17.962634746005914,2183.234845773301,3
146,2526.098578243836,28278.734877540137,0.4181785629600008,27.159154692214408,67.37346617745803,84.98010109859652,14.65527637085561,18.89180538083319,975.9491576763628,4
147,2359.0867738314473,28888.043384351673,3.7170617505635133,50.73513838755334,52.13322375345279,50.0,27.936338796292183,12.244071418357333,869.2152973473779,7
148,6043.883131233795,39223.33668121346,2.6415277824465115,24.43484464185861,60.57489645869635,95.0,18.60032194643673,10.909005582888465,2050.5034436748774,0
149,5593.969346466372,46798.292724322295,20.1932108300796,13.873080554546604,85.56903725214598,73.60410371844826,13.954038724057241,14.98312771294524,1875.4068211379904,5
150,5500.985700691753,54663.61348397007,0.5941367284870245,11.650562397141442,63.82198136039807,86.08182816737516,24.292078748563227,14.149076887375358,1879.9745634992566,0
151,5692.896418993952,72130.34325424329,2.5362899687121523,44.0901492701846,60.92873096312297,64.60094072874469,12.812256145671702,12.733859753363625,1869.1572465320332,6
152,3639.9505568430186,62864.89434803029,17.445298320633576,15.793559712555755,32.802877180401616,81.12773905062569,20.225449258953027,18.481937237283578,1313.4828807393542,5
153,5464.507394322007,47600.922050548594,10.031220309840773,61.32191272976547,74.92507132054442,64.46584436826343,19.92704802684637,19.776526042852552,1840.9051296737734,1
154,5586.144946597363,49714.75688145967,8.493315170180898,5.0,72.9096836228215,68.76231039304194,28.687164526652623,15.442034431459236,1873.602955409197,0
155,3571.2971639472644,34962.05953043287,1.4913754176675231,60.44684552435057,95.0,94.14031353866787,23.79758586303962,22.38765040527631,1312.4860424956998,4
156,8731.549022289513,49722.30296011415,0.9369976639324378,38.16526200803928,53.844435300939985,73.09317599236654,19.79978433003885,9.291554429332475,2817.5714071747134,0
157,5947.665841823575,45670.120416197926,5.5227979934089175,33.549303321944116,64.38300655327878,77.17432873179723,26.542130393602296,14.03170270360141,1994.0958372058558,0
158,2617.3930055947026,54840.778405071345,13.251925474799776,26.826213697865754,64.9876736742151,83.70067730688754,31.12166039213851,11.415888396985975,991.2741174966363,8
159,6313.1072172676595,37591.53584671515,4.068252109523711,40.987041715281066,91.5490655952695,79.95681887972604,24.462482450814896,5.6673169146347,2105.8145236850382,0
160,3050.6366595453574,57790.197713617585,4.238637807292933,34.435479463627274,58.09408935226096,76.50418905143576,20.082820958747046,14.586596570786504,1110.474241430004,8
161,6574.169207484904,72991.08369503866,1.642375154053254,51.54952823024782,65.58043051540679,78.64961002466225,9.505310141198724,14.391262458083583,2160.1721296332526,2
162,7317.191158014808,48368.597773147136,7.337368792060443,36.7134147299306,72.15793019433079,95.0,11.47909069539702,22.567248716210656,2432.7764852126807,4
163,3358.6353632965793,56025.67583148412,1.0353899107303541,37.25452642192816,63.73218246312716,74.42381202966415,17.558202365162657,18.154058422773886,1206.4654035011654,1
164,6926.752258488644,60352.159875666686,1.955439065596163,29.54581681679216,51.071327708989436,77.01099046714967,15.123902382725735,9.879065878353975,2273.6829092803964,6
165,5825.561853872997,43981.692921712456,2.7707227503491527,34.14581564418399,63.88179985796615,85.50654396007612,18.504229576116433,24.27046283167094,1971.2076801385329,4
166,6644.120319988981,53361.38722715625,3.5424248132234926,39.61702653338089,81.47263499719544,86.05525932957984,20.453199399176857,21.105168477626766,2226.483673909532,4
167,8793.585965307895,50188.88601172692,1.3880629178480293,9.347474110150618,39.4696940117788,86.8703030556038,24.237542034853846,17.91048851734308,2867.069828200829,0
168,4509.223767994259,51465.14147823248,0.6099163607206772,14.777218668414307,62.65939348293752,81.38730222029184,19.43600977552727,13.86757950575084,1568.7249497179284,0
169,3492.527671285021,38404.853242168,4.715998287146783,46.148961410340725,45.997583701216534,63.569950872695166,23.892013150609614,10.202803816382602,1229.1332622766006,7
170,3220.971140748953,50367.652613884144,1.7028168421827088,37.562981571919124,83.90093257849685,91.33431532301096,20.51579531848096,13.138966119644735,1186.146038171557,8
171,3368.3794300691234,57469.974368681746,4.352265341462218,32.24024995470981,29.536261904324505,63.53654606981312,5.0,20.44374309852093,1180.4792340403385,6
172,4845.796581171791,71767.15411692562,0.838323763853399,35.2765089959809,48.82156305456823,78.02635465239034,12.485316849449966,24.422931529673043,1652.46754231496,2
173,5682.303949633288,64389.0623912781,3.2806068901426375,40.21372558042506,67.54423750129041,67.45724149980641,18.847299554227078,22.716217641360945,1903.2166563733845,1
174,5553.381598660038,82297.73686267334,3.8027362406453893,26.903604795359577,91.31048058468681,74.35861653407008,10.32244205727114,12.555752891068629,1848.9551523553541,2
175,6654.366498072048,38489.78655667926,0.26607325728560666,23.32542911896531,58.68499477854024,78.2876241030348,24.799429839969637,9.401912833554944,2219.7484745558554,0
176,5026.003783755814,63084.80955081017,2.0519180069021163,37.93767882646522,48.896009466136036,78.21357215450273,32.24600665874958,15.70443123455602,1729.2079470816225,3
177,7907.068154314634,52750.130086075274,0.721746634159658,20.32440833577452,95.0,79.21920754235285,29.750094813578535,6.1578031721857425,2579.080199444905,0
178,4470.686333524088,82847.04399826509,0.3273612938626244,41.12379133571708,31.03972199167512,91.13711269058646,18.292457032558335,16.615838570923906,1570.663621213468,2
179,10440.338333179237,37875.525719672725,23.006006556976622,9.461245936432395,20.0,79.5353430151398,31.925809094799618,14.261987068506656,3353.1434862801157,5
180,6251.334695530012,37404.17236728836,1.9456501125971013,50.437334559884654,68.80028900106664,72.55843364709351,21.18933965761689,12.669817490658788,2075.504485447827,4
181,3285.6848871674347,41009.11031833967,8.300353068849493,42.08896223619564,49.958915512947776,84.64087168288357,17.303312231055685,7.0264846636660225,1173.2108533746143,8
182,2858.2150038777754,20000.0,1.469444171467007,38.840446014708135,39.57534365738574,86.89470488924641,15.092778691672482,17.568000532848583,1064.437855427289,4
183,5964.944830486371,42113.674674788585,5.720706755101758,49.74036475918271,74.16712894598706,62.72392184863008,17.580242508094972,12.336495801690443,1945.4274223515506,1
184,4553.0744293482985,38613.01007669453,7.140331114141043,59.98211666693865,64.87601427542398,80.97400069849859,16.89458545167017,9.15041582144856,1573.695783284466,8
185,6428.000988184184,52255.906797143114,4.527232970845699,50.21555097527195,48.71842738526543,82.01172742310898,21.3633297790039,5.0,2147.5748796957982,0
186,5946.47524914709,55126.339636657394,3.1892832202263586,7.386886530025322,34.393912026582115,72.02436496640009,21.284591848398918,14.862425474746818,1976.7086108338467,6
187,4854.342174686254,78142.56258823829,2.6537890675268887,15.806345498964475,77.44914656560289,88.75706813311619,20.024368161227315,23.86125798334872,1690.7986332620678,2
188,3306.4125638631904,64256.35757279075,2.145216508519874,25.627721334564818,73.00402355917322,73.49944412967473,23.4955053579708,23.30629607273935,1202.8339923736817,1
189,1970.3055506282708,41346.44516506395,13.262780241103904,35.3913657531625,58.01648272441234,76.25576453471542,29.52517019829073,12.714518717068641,814.7671550419125,8
190,4106.970095865958,36523.77992977463,8.87803535570899,42.76488530703685,95.0,73.26928175716131,27.59643308353059,11.988939698191096,1425.1374381953297,1
191,6712.797588646945,57378.78757259758,16.76588194707846,24.113842802698016,38.598304673476946,75.15579047581467,8.120816252400772,17.34387128037512,2199.528417288112,5
192,5428.187488260408,30196.501894690366,0.6636427091805277,37.80150146715617,29.48949658150522,64.03724913104799,5.0,10.008072804058543,1785.7924084029128,6
193,2508.522442576024,77471.8814878153,6.562756817302537,23.66925601470016,46.16183860237511,60.59949117405706,27.47455928991419,16.50895949909733,939.7892471541077,3
194,5346.361851702364,67691.60181081931,13.930636326306203,25.827232955120778,59.088279672890046,90.94505063224972,9.064970412676631,18.830401391923452,1823.8884102305192,2
195,5770.634759457674,42962.365218429426,0.9997790485039884,13.900083547276665,64.86678898645384,66.53038651681672,18.20187678485853,21.13466611942154,1926.9260763172006,7
196,3232.285127597734,24302.98206363684,0.34405158736248437,21.151501308336435,55.175278842873404,65.08607650543692,10.639095791525124,14.499229617600236,1106.1830875886094,7
197,5307.450211891056,70308.0856124812,6.756965765943111,14.724730915754996,67.04110793028593,53.466098863962856,5.5841564993598425,13.981631249115171,1731.1002067385293,6
198,5116.417436891999,48281.902321210735,4.272135720993349,20.36190120534001,34.96921151619112,68.61038252310497,24.331701825638305,10.610087066217194,1714.8348965004534,6
199,2714.0594043387537,68567.24467960192,9.22038570660739,50.80462694911759,88.87529208146519,61.76910206592502,26.073241282421176,10.8655982298007,971.5982762643042,1
